titulo,autor,genero,year_publication
Good let news.,Holly Williams,Non-Fiction,2023-10-15
Environmental appear choice.,Connie Clark,Mystery,2023-08-02
Quality lot nice than.,Alice Johnson,Fiction,2023-05-17
Assume throughout where.,Jillian Perez DVM,Fiction,2023-10-14
Organization rest money.,Stephanie Randolph,Sci-Fi,2020-02-26
Scene brother.,Jenna Dillon,Non-Fiction,2020-03-19
Million wrong.,Heather Love,Non-Fiction,2020-12-25
Model national.,Lisa Anderson,Mystery,2022-11-01
Reason.,David Gonzalez,Thriller,2020-05-07
Thing interview.,Joann Willis,Thriller,2021-10-31
Everybody ask each.,Sharon Alvarez,Sci-Fi,2022-07-01
Continue.,Devin Thomas,Non-Fiction,2021-01-18
Return try.,Michelle Lee,Sci-Fi,2023-06-22
Natural someone join.,Jessica Martin,Thriller,2021-03-14
Candidate charge.,Matthew Wilson,Romance,2022-09-08
Mind.,Kevin Garrett,Non-Fiction,2020-02-26
Benefit do campaign.,Jocelyn Wilson,Fiction,2023-10-21
Term own.,Brandy Perez,Sci-Fi,2022-05-06
With.,Dr. Jennifer Greer,Sci-Fi,2022-11-05
Quality brother.,Karen Craig,Sci-Fi,2022-09-17
Can whether person.,Mark Kelly,Sci-Fi,2022-07-19
Deep bag mother.,Christopher Harris,Romance,2021-07-25
Quite less.,Justin Miller,Non-Fiction,2020-07-18
Figure either animal.,Christopher Johnson,Thriller,2020-04-18
Institution serious.,Nicole White,Non-Fiction,2021-09-03
Hear throughout.,Eddie Lewis,Thriller,2020-01-19
Seven common.,Melanie Collins,Fiction,2020-01-31
Behind half my.,Alex Roberts,Sci-Fi,2023-08-27
Happen run.,Matthew Schultz,Romance,2023-12-17
Remember nothing.,Jeremy Shepard,Sci-Fi,2023-03-28
Form what condition.,Ralph Anderson,Non-Fiction,2020-04-04
Not hard.,Sarah Gibson,Mystery,2020-12-05
Rule ready health American.,Tiffany Blackwell,Non-Fiction,2021-08-10
Surface notice.,Miranda Evans,Non-Fiction,2021-09-24
Church good pressure.,Amy Mcconnell,Sci-Fi,2023-02-11
Several people population.,Mason Mcguire,Fiction,2024-01-04
Money dog effect.,Diana Alexander,Non-Fiction,2020-01-23
Last person quickly.,Elizabeth Holmes DDS,Thriller,2022-01-20
Give huge positive.,Andrew Parker,Mystery,2020-07-09
Meet kitchen.,Dr. Jordan Bowman,Non-Fiction,2022-08-10
Party build plant.,Shirley Moore,Romance,2023-10-04
Since picture.,Martin Hansen,Sci-Fi,2020-07-29
Opportunity down.,Eric Lambert,Romance,2022-05-27
Itself arrive.,Susan Mills,Thriller,2023-09-28
More leader.,Nancy Wilson,Romance,2023-09-11
Much.,Hunter Holloway,Fiction,2022-05-31
Pay significant sister.,Brian Briggs,Thriller,2021-10-11
Security scene scientist plan.,Howard Mitchell,Sci-Fi,2022-01-10
Adult moment point send.,Mary Burgess,Sci-Fi,2023-02-05
Play business dark.,Matthew Shields,Mystery,2020-12-13
Team she.,Jennifer Collins,Sci-Fi,2021-07-31
Network investment certainly goal.,Diana Silva,Mystery,2020-11-16
Throw produce.,Joseph Good,Romance,2021-07-31
Even particularly leave.,Suzanne Acosta,Thriller,2022-03-28
Seek system.,Philip Stevens,Romance,2022-08-15
Bank never bill.,Jill Shaw,Romance,2023-10-14
Oil article record.,Lori Kelley,Sci-Fi,2023-09-11
Low determine.,Megan Gonzalez,Thriller,2023-09-07
Around force.,James Clark,Fiction,2021-03-24
Player participant.,Sarah Contreras,Fiction,2023-01-25
Memory parent total same.,Deborah Harvey,Romance,2020-10-07
Size rate.,Johnny Maldonado,Romance,2020-11-01
Worry fill.,Crystal Wright,Fiction,2020-12-16
Place.,Richard Kelly,Romance,2023-05-03
Executive expect.,James Christian,Sci-Fi,2022-02-24
Lead film.,Edward Watson PhD,Fiction,2022-08-04
Agreement arm operation.,Jeremy Hall,Mystery,2021-01-02
Young throughout thing.,David Lopez,Sci-Fi,2020-08-15
Ball story.,Sierra Myers,Fiction,2021-11-10
Data manager then.,Anthony West,Thriller,2022-12-28
Item man.,Matthew Massey,Non-Fiction,2022-04-13
Develop billion possible.,Travis Burns,Mystery,2020-04-28
Least picture.,Jonathan Fitzgerald,Thriller,2022-02-07
Agency.,Paul Mueller,Non-Fiction,2023-10-03
Life Congress rich.,Aaron Morgan,Non-Fiction,2023-05-07
Single often season.,Stacy Hensley,Fiction,2021-08-26
Sit allow top.,Scott Hardy,Mystery,2023-10-31
Amount share send.,Kimberly Dawson,Sci-Fi,2021-05-13
Bring our never.,Daniel Hamilton,Thriller,2022-06-18
Other close far.,Emily Contreras,Fiction,2020-11-12
Employee six second.,Edward Sparks,Mystery,2023-03-18
Science account.,Kathy Thornton,Mystery,2021-01-29
Foot audience.,Carmen Johns,Romance,2020-09-30
Week expert although.,Mindy Drake,Thriller,2022-11-21
Interesting may mouth.,Julia Delgado,Romance,2021-05-25
Offer decide candidate.,Jennifer Doyle,Sci-Fi,2020-11-21
Research member.,James White,Non-Fiction,2020-11-13
They party.,Shawna Wallace,Romance,2020-09-09
And including.,Barbara Davis,Sci-Fi,2022-11-02
Traditional fight.,John Powell,Mystery,2023-03-11
Low single successful.,Destiny Harris,Romance,2020-03-05
Ground market pretty.,Lauren Gilbert,Romance,2021-01-18
College light quickly.,Mary Greene,Sci-Fi,2021-05-09
Former particular policy.,Barbara Floyd,Romance,2022-06-03
Site only case quality.,Mariah Atkins,Romance,2020-04-03
Toward cup over.,Jose Gallegos,Fiction,2022-05-05
Property walk language.,Kristina Jones,Romance,2021-06-10
Oil management carry.,Angel Burke,Sci-Fi,2021-03-20
Site individual.,Sophia Ramirez,Romance,2023-12-22
Today.,Karen Carr,Fiction,2023-09-09
